{
  "single_step": {
    "total_loss": {
      "mean": 0.011417379626072944,
      "std": 0.003737925978952254,
      "min": 0.0068555958569049835,
      "max": 0.023611024022102356,
      "n": 20
    },
    "z_loss": {
      "mean": 0.011417379626072944,
      "std": 0.003737925978952254,
      "min": 0.0068555958569049835,
      "max": 0.023611024022102356,
      "n": 20
    },
    "z_visual_loss": {
      "mean": 0.011339465319179,
      "std": 0.00372841092826516,
      "min": 0.006811006460338831,
      "max": 0.02338007092475891,
      "n": 20
    },
    "z_proprio_loss": {
      "mean": 0.05130935462657362,
      "std": 0.05045556011624352,
      "min": 0.006650588009506464,
      "max": 0.1908404380083084,
      "n": 20
    }
  },
  "multi_step_rollout": {
    "step_0": {
      "visual_mse_mean": 0.017093630507588387,
      "visual_mse_std": 0.006143825392611777,
      "proprio_mse_mean": 0.038816215470433235,
      "proprio_mse_std": 0.016257238509711076
    },
    "step_1": {
      "visual_mse_mean": 0.019688757322728633,
      "visual_mse_std": 0.00654273536687592,
      "proprio_mse_mean": 0.10230736136436462,
      "proprio_mse_std": 0.03573832727157466
    },
    "step_2": {
      "visual_mse_mean": 0.02156071662902832,
      "visual_mse_std": 0.008073421632823381,
      "proprio_mse_mean": 0.16153182983398437,
      "proprio_mse_std": 0.04913014676637106
    },
    "step_3": {
      "visual_mse_mean": 0.023715114593505858,
      "visual_mse_std": 0.007689342138850984,
      "proprio_mse_mean": 0.267355751991272,
      "proprio_mse_std": 0.16546901372688566
    },
    "step_4": {
      "visual_mse_mean": 0.018803488463163376,
      "visual_mse_std": 0.0028775520759894814,
      "proprio_mse_mean": 0.2960910230875015,
      "proprio_mse_std": 0.18171287500049615
    },
    "step_5": {
      "visual_mse_mean": 0.0158179497346282,
      "visual_mse_std": 0.0036894204538468096,
      "proprio_mse_mean": 0.31545348167419435,
      "proprio_mse_std": 0.16095716018212738
    }
  },
  "cem_planning": {
    "summary": {
      "init_dist": {
        "mean": 0.02762946511308352,
        "std": 0.012120211728620208
      },
      "init_dist_visual": {
        "mean": 0.01705671598513921,
        "std": 0.0024441995187041705
      },
      "init_dist_proprio": {
        "mean": 0.1057274912794431,
        "std": 0.09725473721904225
      },
      "final_dist": {
        "mean": 0.07985191692908605,
        "std": 0.015847121324884826
      },
      "final_dist_visual": {
        "mean": 0.03364147494236628,
        "std": 0.008241403778040887
      },
      "final_dist_proprio": {
        "mean": 0.4621044198671977,
        "std": 0.07647941798840356
      },
      "dist_reduction": {
        "mean": -2.270538662152768,
        "std": 1.132216082604842
      },
      "action_mse": {
        "mean": 2.578615347544352,
        "std": 0.934428045516118
      },
      "action_cos_sim": {
        "mean": -0.05690197149912516,
        "std": 0.4438744629972167
      },
      "plan_time_s": {
        "mean": 81.20811708768208,
        "std": 0.5585127794148702
      }
    },
    "per_episode": [
      {
        "episode": 0,
        "init_dist": 0.019707591831684114,
        "init_dist_visual": 0.014935582876205444,
        "init_dist_proprio": 0.04772008955478668,
        "final_dist": 0.05763627886772156,
        "final_dist_visual": 0.022224396467208862,
        "final_dist_proprio": 0.35411882400512695,
        "dist_reduction": -1.9245709021307258,
        "action_mse": 3.3178887367248535,
        "action_cos_sim": -0.27407142519950867,
        "plan_time_s": 80.46165370941162
      },
      {
        "episode": 1,
        "init_dist": 0.01842673048377037,
        "init_dist_visual": 0.015753649175167084,
        "init_dist_proprio": 0.026730813086032867,
        "final_dist": 0.08840123042464257,
        "final_dist_visual": 0.03732052072882652,
        "final_dist_proprio": 0.5108070969581604,
        "dist_reduction": -3.7974426352019925,
        "action_mse": 1.2603797912597656,
        "action_cos_sim": 0.56174635887146,
        "plan_time_s": 81.35774397850037
      },
      {
        "episode": 2,
        "init_dist": 0.04475407302379608,
        "init_dist_visual": 0.020480915904045105,
        "init_dist_proprio": 0.24273157119750977,
        "final_dist": 0.09351824149489403,
        "final_dist_visual": 0.04137950763106346,
        "final_dist_proprio": 0.5213873386383057,
        "dist_reduction": -1.0896024491255845,
        "action_mse": 3.1575775146484375,
        "action_cos_sim": -0.4583808481693268,
        "plan_time_s": 81.80495357513428
      }
    ]
  }
}