{
  "single_step": {
    "total_loss": {
      "mean": 0.011417379626072944,
      "std": 0.003737925978952254,
      "min": 0.0068555958569049835,
      "max": 0.023611024022102356,
      "n": 20
    },
    "z_loss": {
      "mean": 0.011417379626072944,
      "std": 0.003737925978952254,
      "min": 0.0068555958569049835,
      "max": 0.023611024022102356,
      "n": 20
    },
    "z_visual_loss": {
      "mean": 0.011339465319179,
      "std": 0.00372841092826516,
      "min": 0.006811006460338831,
      "max": 0.02338007092475891,
      "n": 20
    },
    "z_proprio_loss": {
      "mean": 0.05130935462657362,
      "std": 0.05045556011624352,
      "min": 0.006650588009506464,
      "max": 0.1908404380083084,
      "n": 20
    }
  },
  "multi_step_rollout": {
    "step_0": {
      "visual_mse_mean": 0.017093630507588387,
      "visual_mse_std": 0.006143825392611777,
      "proprio_mse_mean": 0.038816215470433235,
      "proprio_mse_std": 0.016257238509711076
    },
    "step_1": {
      "visual_mse_mean": 0.019688757322728633,
      "visual_mse_std": 0.00654273536687592,
      "proprio_mse_mean": 0.10230736136436462,
      "proprio_mse_std": 0.03573832727157466
    },
    "step_2": {
      "visual_mse_mean": 0.02156071662902832,
      "visual_mse_std": 0.008073421632823381,
      "proprio_mse_mean": 0.16153182983398437,
      "proprio_mse_std": 0.04913014676637106
    },
    "step_3": {
      "visual_mse_mean": 0.023715114593505858,
      "visual_mse_std": 0.007689342138850984,
      "proprio_mse_mean": 0.267355751991272,
      "proprio_mse_std": 0.16546901372688566
    },
    "step_4": {
      "visual_mse_mean": 0.018803488463163376,
      "visual_mse_std": 0.0028775520759894814,
      "proprio_mse_mean": 0.2960910230875015,
      "proprio_mse_std": 0.18171287500049615
    },
    "step_5": {
      "visual_mse_mean": 0.0158179497346282,
      "visual_mse_std": 0.0036894204538468096,
      "proprio_mse_mean": 0.31545348167419435,
      "proprio_mse_std": 0.16095716018212738
    }
  },
  "cem_planning": {
    "summary": {
      "init_dist": {
        "mean": 0.01705671598513921,
        "std": 0.0024441995187041705
      },
      "init_dist_visual": {
        "mean": 0.01705671598513921,
        "std": 0.0024441995187041705
      },
      "init_dist_proprio": {
        "mean": 0.1057274912794431,
        "std": 0.09725473721904225
      },
      "final_dist": {
        "mean": 0.029353618621826172,
        "std": 0.0077211121794249216
      },
      "final_dist_visual": {
        "mean": 0.029353618621826172,
        "std": 0.0077211121794249216
      },
      "final_dist_proprio": {
        "mean": 0.6095694502194723,
        "std": 0.19905560213581971
      },
      "dist_reduction": {
        "mean": -0.7105057122915284,
        "std": 0.37422261881955177
      },
      "action_mse": {
        "mean": 2.501156131426493,
        "std": 1.1017813955525615
      },
      "action_cos_sim": {
        "mean": -0.03001995136340459,
        "std": 0.1323493726965784
      },
      "plan_time_s": {
        "mean": 81.41850185394287,
        "std": 0.24592523753211748
      }
    },
    "per_episode": [
      {
        "episode": 0,
        "init_dist": 0.014935582876205444,
        "init_dist_visual": 0.014935582876205444,
        "init_dist_proprio": 0.04772008955478668,
        "final_dist": 0.01848168671131134,
        "final_dist_visual": 0.01848168671131134,
        "final_dist_proprio": 0.3396313786506653,
        "dist_reduction": -0.23742571617329866,
        "action_mse": 4.051543235778809,
        "action_cos_sim": -0.08687081187963486,
        "plan_time_s": 81.0740385055542
      },
      {
        "episode": 1,
        "init_dist": 0.015753649175167084,
        "init_dist_visual": 0.015753649175167084,
        "init_dist_proprio": 0.026730813086032867,
        "final_dist": 0.03390970826148987,
        "final_dist_visual": 0.03390970826148987,
        "final_dist_proprio": 0.6753664016723633,
        "dist_reduction": -1.1524972632988435,
        "action_mse": 1.5913957357406616,
        "action_cos_sim": 0.15284161269664764,
        "plan_time_s": 81.5491693019867
      },
      {
        "episode": 2,
        "init_dist": 0.020480915904045105,
        "init_dist_visual": 0.020480915904045105,
        "init_dist_proprio": 0.24273157119750977,
        "final_dist": 0.03566946089267731,
        "final_dist_visual": 0.03566946089267731,
        "final_dist_proprio": 0.8137105703353882,
        "dist_reduction": -0.7415941574024432,
        "action_mse": 1.8605294227600098,
        "action_cos_sim": -0.15603065490722656,
        "plan_time_s": 81.63229775428772
      }
    ]
  }
}